#,Dein Geschlecht?* *,Dein Alter?,Dein Modebewusstsein,"Falls du du Online Einkaufst, wie oft machst du dies?","Bei der Marke direkt (Nike, Adidas, Tommy Hilfiger,‚Ä¶)","Bei einem Zwischenh√§ndler (Zalando, Asos, Aboutyou,‚Ä¶)","Bei Wiederverkaufs-Plattformen (StockX, Ebay, Tutti,‚Ä¶)",In Store (In L√§den direkt),"Social Media / Influencer (Instagram, Pinterest, TikTok,‚Ä¶)","Blogs und Webseiten (Chiara Ferragni, ...)","Zeitschriften (Vogue, InStyle, GQ,‚Ä¶)","Onlineshops komplette Looks ( Zalando: Get the Look, Dazu passt, ‚Ä¶)",Onlineshops einzelne Kleidungst√ºcke (Bekleidung ‚Üí T-Shirts ‚Üí allenfalls Filter),Other,Nach kompletten Outfits,Nach einzelnen Teilen,Nach Teilen die zu meinem bisherigen Besitz passen,Other,"Ich ben√ºtze Filterfunktionen (Casual, Classic, Streetware,‚Ä¶)",Die Plattformen welche ich ben√ºtze kennen meinen Still und schlagen mir passende personalisierte Produkte vor,Ich durchst√∂bere ganze Kollektionen,"Ich suche auf den Onlineshops nach √§hnlichen St√ºcken, die einem Inspirations-Outfit (Social Media oder etwas Live erblickten) entsprechen.","Ich durchst√∂bere Kategorien (T-Shirts, Shorts, Socken,‚Ä¶) und nutze allenfalls Produkt spezifische Filter (Farbe, Gr√∂sse, Passform)",Other,Bieten dir einzelne Onlineshops die M√∂glichkeit dich inspirieren zu lassen?,Was fehlt dir auf den Plattformen?,Was kaufst du ein?,Wie vergleichst du Preise einzelner Produkte beim Online Einkaufen?,Other,"Wenn ein Produkt, welches dir gef√§llt, auf in einem Onlineshop nicht mehr verf√ºgbar ist, wie agierst du?",Other,"Wie gehst du vor wenn dir ein Produkt, welches dir gef√§llt, zu teuer ist?",Other,Wie gehst du mit Produkten um die du gerne kaufen w√ºrdest?,Other,Start Date (UTC),Submit Date (UTC),Network ID
dyx0056vgakgbj03dyx0008il452707x,Frau,33,Ich kleide mich bewusst und mein Outfit ist mir √∂fters wichtig ü§µüèª‚Äç‚ôÇÔ∏è,1x alle 3 Monate,,"Bei einem Zwischenh√§ndler (Zalando, Asos, Aboutyou,‚Ä¶)",,In Store (In L√§den direkt),"Social Media / Influencer (Instagram, Pinterest, TikTok,‚Ä¶)","Blogs und Webseiten (Chiara Ferragni, ...)",,"Onlineshops komplette Looks ( Zalando: Get the Look, Dazu passt, ‚Ä¶)",Onlineshops einzelne Kleidungst√ºcke (Bekleidung ‚Üí T-Shirts ‚Üí allenfalls Filter),,,,Nach Teilen die zu meinem bisherigen Besitz passen,,,,,,"Ich durchst√∂bere Kategorien (T-Shirts, Shorts, Socken,‚Ä¶) und nutze allenfalls Produkt spezifische Filter (Farbe, Gr√∂sse, Passform)",,"Ja, ich finde komplette Outfits die mir passen.",,Ich lasse mich auch gerne mal auf was Neues ein,Ich suche nach dem Produkt auf Google,,Ich lass mich benachrichtigen wenn das Produkt wieder verf√ºgbar ist,,Ich kaufe das Produkte nicht und brich ab,,Ich pack sie auf eine Merkliste und kaufe sie eventuell sp√§ter,,2022-05-27 19:46:18,2022-05-27 19:50:16,363d4425b8
r6xc97t8b3pxfqh64eefwr6xcq20yxd8,Frau,57,Ich kleide mich bewusst und mein Outfit ist mir √∂fters wichtig ü§µüèª‚Äç‚ôÇÔ∏è,1x im Monat,,"Bei einem Zwischenh√§ndler (Zalando, Asos, Aboutyou,‚Ä¶)",,In Store (In L√§den direkt),,,,"Onlineshops komplette Looks ( Zalando: Get the Look, Dazu passt, ‚Ä¶)",,,,,Nach Teilen die zu meinem bisherigen Besitz passen,,,,,,"Ich durchst√∂bere Kategorien (T-Shirts, Shorts, Socken,‚Ä¶) und nutze allenfalls Produkt spezifische Filter (Farbe, Gr√∂sse, Passform)",,"Ja, ich finde komplette Outfits die mir passen.",,Ich lasse mich auch gerne mal auf was Neues ein,Gar nicht,,Gar nicht,,Ich kaufe das Produkte nicht und brich ab,,Ich kaufe sie gleich,,2022-05-27 10:32:53,2022-05-27 10:43:24,95aa3f759c
6wevlhdluzvycq6wed2cj00h17zobh2d,Mann,25,Ich kleide mich bewusst und mein Outfit ist mir √∂fters wichtig ü§µüèª‚Äç‚ôÇÔ∏è,1x im Monat,,"Bei einem Zwischenh√§ndler (Zalando, Asos, Aboutyou,‚Ä¶)",,In Store (In L√§den direkt),"Social Media / Influencer (Instagram, Pinterest, TikTok,‚Ä¶)",,,"Onlineshops komplette Looks ( Zalando: Get the Look, Dazu passt, ‚Ä¶)",Onlineshops einzelne Kleidungst√ºcke (Bekleidung ‚Üí T-Shirts ‚Üí allenfalls Filter),,,Nach einzelnen Teilen,Nach Teilen die zu meinem bisherigen Besitz passen,,"Ich ben√ºtze Filterfunktionen (Casual, Classic, Streetware,‚Ä¶)",,Ich durchst√∂bere ganze Kollektionen,,"Ich durchst√∂bere Kategorien (T-Shirts, Shorts, Socken,‚Ä¶) und nutze allenfalls Produkt spezifische Filter (Farbe, Gr√∂sse, Passform)",,"Nein, wenn dann eher selten.",,Nur spezifische Marken die ich kenne,Gar nicht,,Ich lass mich benachrichtigen wenn das Produkt wieder verf√ºgbar ist,,Ich kaufe das Produkte nicht und brich ab,,Ich kaufe sie gleich,,2022-05-27 08:06:29,2022-05-27 08:10:46,3a1c66db3d
dy5k0bxfcperra0hcgdy5k0wdjwoos2p,Mann,Bloody Forty,Ich kleide mich bewusst und mein Outfit ist mir √∂fters wichtig ü§µüèª‚Äç‚ôÇÔ∏è,Weniger als alle 3 Monate,,,,In Store (In L√§den direkt),"Social Media / Influencer (Instagram, Pinterest, TikTok,‚Ä¶)",,,,,,,Nach einzelnen Teilen,,,,Die Plattformen welche ich ben√ºtze kennen meinen Still und schlagen mir passende personalisierte Produkte vor,,,,,"Nein, wenn dann eher selten.",Probiere lieber gleich an,Ich lasse mich auch gerne mal auf was Neues ein,Ich suche nach dem Produkt auf Google,,Ich suche danach auf Google,,Ich kaufe das Produkte nicht und brich ab,,Ich pack sie auf eine Merkliste und kaufe sie eventuell sp√§ter,,2022-05-27 06:18:43,2022-05-27 06:24:58,b707c0387b
0h5cymoc5coeyy3fquo00h5ac2w4mal8,Frau,25,Ich kleide mich sehr bewusst und achte stark auf mein Outfit üíÉüèº,1x alle 3 Monate,,"Bei einem Zwischenh√§ndler (Zalando, Asos, Aboutyou,‚Ä¶)",,,"Social Media / Influencer (Instagram, Pinterest, TikTok,‚Ä¶)",,,,Onlineshops einzelne Kleidungst√ºcke (Bekleidung ‚Üí T-Shirts ‚Üí allenfalls Filter),Youtube,,Nach einzelnen Teilen,,,,,,"Ich suche auf den Onlineshops nach √§hnlichen St√ºcken, die einem Inspirations-Outfit (Social Media oder etwas Live erblickten) entsprechen.","Ich durchst√∂bere Kategorien (T-Shirts, Shorts, Socken,‚Ä¶) und nutze allenfalls Produkt spezifische Filter (Farbe, Gr√∂sse, Passform)",,"Nein, wenn dann eher selten.",Bewertungen sind zu subjektiv.,Ich lasse mich auch gerne mal auf was Neues ein,Gar nicht,,Ich lass mich benachrichtigen wenn das Produkt wieder verf√ºgbar ist,,Ich suche danach auf Google,,Ich kaufe sie gleich,,2022-05-27 05:36:25,2022-05-27 05:48:04,ca884d3e56
t9tsbz94qyhu4k8ckc2deckt9tsbz9x1,Mann,25,Ich kleide mich bewusst und mein Outfit ist mir √∂fters wichtig ü§µüèª‚Äç‚ôÇÔ∏è,1x im Monat,,"Bei einem Zwischenh√§ndler (Zalando, Asos, Aboutyou,‚Ä¶)",,,"Social Media / Influencer (Instagram, Pinterest, TikTok,‚Ä¶)","Blogs und Webseiten (Chiara Ferragni, ...)",,"Onlineshops komplette Looks ( Zalando: Get the Look, Dazu passt, ‚Ä¶)",,,,Nach einzelnen Teilen,Nach Teilen die zu meinem bisherigen Besitz passen,,,Die Plattformen welche ich ben√ºtze kennen meinen Still und schlagen mir passende personalisierte Produkte vor,Ich durchst√∂bere ganze Kollektionen,,,,"Ja, die Inspiration ist jedoch nicht immer optimal f√ºr meinen Style.",,Ich lasse mich auch gerne mal auf was Neues ein,Ich suche nach dem Produkt auf mir bekannten/vertrauten Onlineshops,,Ich lass mich benachrichtigen wenn das Produkt wieder verf√ºgbar ist,,Ich suche danach auf mir bekannten/vertrauten Onlineshops,,Ich pack sie auf eine Merkliste und kaufe sie eventuell sp√§ter,,2022-05-26 22:04:02,2022-05-26 22:06:40,980010be47
5d7ptxxv2j41o98ft97s5d7ptxk2kpas,Frau,22,Ich kleide mich bewusst und mein Outfit ist mir √∂fters wichtig ü§µüèª‚Äç‚ôÇÔ∏è,1x Woche,,,,,"Social Media / Influencer (Instagram, Pinterest, TikTok,‚Ä¶)",,,,,,,Nach einzelnen Teilen,,,"Ich ben√ºtze Filterfunktionen (Casual, Classic, Streetware,‚Ä¶)",,Ich durchst√∂bere ganze Kollektionen,"Ich suche auf den Onlineshops nach √§hnlichen St√ºcken, die einem Inspirations-Outfit (Social Media oder etwas Live erblickten) entsprechen.","Ich durchst√∂bere Kategorien (T-Shirts, Shorts, Socken,‚Ä¶) und nutze allenfalls Produkt spezifische Filter (Farbe, Gr√∂sse, Passform)",,"Ja, die Inspiration ist jedoch nicht immer optimal f√ºr meinen Style.",,Ich lasse mich auch gerne mal auf was Neues ein,Ich suche nach dem Produkt auf Google,,Ich lass mich benachrichtigen wenn das Produkt wieder verf√ºgbar ist,,Ich hoffe auf eine Aktion und packe das Produkt vor√ºbergehend auf eine Merkliste im Onlineshop,,Ich pack sie auf eine Merkliste und kaufe sie eventuell sp√§ter,,2022-05-26 20:20:01,2022-05-26 20:23:19,a3a0561897
mjpfmb6h3urh70o1mjpf0yhy2nn8h327,Frau,25,Ich kleide mich bewusst und mein Outfit ist mir √∂fters wichtig ü§µüèª‚Äç‚ôÇÔ∏è,1x im Monat,,"Bei einem Zwischenh√§ndler (Zalando, Asos, Aboutyou,‚Ä¶)",,In Store (In L√§den direkt),"Social Media / Influencer (Instagram, Pinterest, TikTok,‚Ä¶)",,,,Onlineshops einzelne Kleidungst√ºcke (Bekleidung ‚Üí T-Shirts ‚Üí allenfalls Filter),,,Nach einzelnen Teilen,,,,,,"Ich suche auf den Onlineshops nach √§hnlichen St√ºcken, die einem Inspirations-Outfit (Social Media oder etwas Live erblickten) entsprechen.","Ich durchst√∂bere Kategorien (T-Shirts, Shorts, Socken,‚Ä¶) und nutze allenfalls Produkt spezifische Filter (Farbe, Gr√∂sse, Passform)",,"Ja, die Inspiration ist jedoch nicht immer optimal f√ºr meinen Style.",,Ich lasse mich auch gerne mal auf was Neues ein,Gar nicht,,Ich lass mich benachrichtigen wenn das Produkt wieder verf√ºgbar ist,,Ich suche danach auf Google,,Ich pack sie auf eine Merkliste und kaufe sie eventuell sp√§ter,,2022-05-26 20:13:08,2022-05-26 20:20:00,7d614cdd3d
8zouelvdyfqvvvz7498zouek5nobkbd8,Frau,25,"Ich kleide mich einigermassen passend, investiere aber nicht viel Zeit in meine Kleidung üö∂üèª",1x im Monat,,"Bei einem Zwischenh√§ndler (Zalando, Asos, Aboutyou,‚Ä¶)",,,"Social Media / Influencer (Instagram, Pinterest, TikTok,‚Ä¶)",,,"Onlineshops komplette Looks ( Zalando: Get the Look, Dazu passt, ‚Ä¶)",,,,,Nach Teilen die zu meinem bisherigen Besitz passen,,,,,"Ich suche auf den Onlineshops nach √§hnlichen St√ºcken, die einem Inspirations-Outfit (Social Media oder etwas Live erblickten) entsprechen.","Ich durchst√∂bere Kategorien (T-Shirts, Shorts, Socken,‚Ä¶) und nutze allenfalls Produkt spezifische Filter (Farbe, Gr√∂sse, Passform)",,"Nein, wenn dann eher selten.","K√∂rperspezifische Outfits. Oftmals sind die Outfits eifach f√ºr den klassischrn Bodytype. Wenn ich mir dann etwas nachkaufe, sieht es nicht mehr gleich aus weil ich einen anderen Bodytype habe.",Ich lasse mich auch gerne mal auf was Neues ein,Gar nicht,,Ich lass mich benachrichtigen wenn das Produkt wieder verf√ºgbar ist,,Ich kaufe das Produkte nicht und brich ab,,Ich pack sie auf eine Merkliste und kaufe sie eventuell sp√§ter,,2022-05-26 20:04:17,2022-05-26 20:08:10,167459ce5c
dxhhacuaqpdivlrmdxhl7nicjekqxdu3,Frau,29,Ich kleide mich bewusst und mein Outfit ist mir √∂fters wichtig ü§µüèª‚Äç‚ôÇÔ∏è,1x alle 3 Monate,"Bei der Marke direkt (Nike, Adidas, Tommy Hilfiger,‚Ä¶)","Bei einem Zwischenh√§ndler (Zalando, Asos, Aboutyou,‚Ä¶)",,In Store (In L√§den direkt),"Social Media / Influencer (Instagram, Pinterest, TikTok,‚Ä¶)",,,"Onlineshops komplette Looks ( Zalando: Get the Look, Dazu passt, ‚Ä¶)",Onlineshops einzelne Kleidungst√ºcke (Bekleidung ‚Üí T-Shirts ‚Üí allenfalls Filter),,,Nach einzelnen Teilen,Nach Teilen die zu meinem bisherigen Besitz passen,,,,,,"Ich durchst√∂bere Kategorien (T-Shirts, Shorts, Socken,‚Ä¶) und nutze allenfalls Produkt spezifische Filter (Farbe, Gr√∂sse, Passform)",,"Ja, die Inspiration ist jedoch nicht immer optimal f√ºr meinen Style.",,Ich lasse mich auch gerne mal auf was Neues ein,Ich suche nach dem Produkt auf Google,,Gar nicht,,Ich kaufe das Produkte nicht und brich ab,,Ich pack sie auf eine Merkliste und kaufe sie eventuell sp√§ter,,2022-05-26 19:55:41,2022-05-26 20:02:00,e160c221fe
6qoimzjbos14wigaqpt6qoim6k9wkyb9,Mann,29,"Ich kleide mich einigermassen passend, investiere aber nicht viel Zeit in meine Kleidung üö∂üèª",Weniger als alle 3 Monate,,,,In Store (In L√§den direkt),,,,,Onlineshops einzelne Kleidungst√ºcke (Bekleidung ‚Üí T-Shirts ‚Üí allenfalls Filter),,,Nach einzelnen Teilen,,,,,,,"Ich durchst√∂bere Kategorien (T-Shirts, Shorts, Socken,‚Ä¶) und nutze allenfalls Produkt spezifische Filter (Farbe, Gr√∂sse, Passform)",,"Nein, wenn dann eher selten.",,"Mir sind Marken egal, ich brauche ein T-Shirt in Schwarz und das wars",Gar nicht,,Ich suche danach auf Google,,Ich kaufe das Produkte nicht und brich ab,,Ich kaufe sie gleich,,2022-05-26 19:52:52,2022-05-26 19:58:32,246a39f98e
1l0ney4pway0xs9x1l0990ieepn02i2w,Mann,40,"Ich kleide mich einigermassen passend, investiere aber nicht viel Zeit in meine Kleidung üö∂üèª",Weniger als alle 3 Monate,,"Bei einem Zwischenh√§ndler (Zalando, Asos, Aboutyou,‚Ä¶)",,In Store (In L√§den direkt),"Social Media / Influencer (Instagram, Pinterest, TikTok,‚Ä¶)",,,"Onlineshops komplette Looks ( Zalando: Get the Look, Dazu passt, ‚Ä¶)",Onlineshops einzelne Kleidungst√ºcke (Bekleidung ‚Üí T-Shirts ‚Üí allenfalls Filter),,,Nach einzelnen Teilen,Nach Teilen die zu meinem bisherigen Besitz passen,,"Ich ben√ºtze Filterfunktionen (Casual, Classic, Streetware,‚Ä¶)",,,,"Ich durchst√∂bere Kategorien (T-Shirts, Shorts, Socken,‚Ä¶) und nutze allenfalls Produkt spezifische Filter (Farbe, Gr√∂sse, Passform)",,"Ja, die Inspiration ist jedoch nicht immer optimal f√ºr meinen Style.",,Ich lasse mich auch gerne mal auf was Neues ein,Gar nicht,,Ich lass mich benachrichtigen wenn das Produkt wieder verf√ºgbar ist,,Ich kaufe das Produkte nicht und brich ab,,Ich kaufe sie gleich,,2022-05-26 19:51:48,2022-05-26 19:55:13,95101c567c
ts1fp5xngr54oig6vlf9sts1fp5r15xh,Frau,23,Ich kleide mich bewusst und mein Outfit ist mir √∂fters wichtig ü§µüèª‚Äç‚ôÇÔ∏è,1x alle 2 Wochen,,"Bei einem Zwischenh√§ndler (Zalando, Asos, Aboutyou,‚Ä¶)",,In Store (In L√§den direkt),"Social Media / Influencer (Instagram, Pinterest, TikTok,‚Ä¶)",,,"Onlineshops komplette Looks ( Zalando: Get the Look, Dazu passt, ‚Ä¶)",,,,Nach einzelnen Teilen,,,"Ich ben√ºtze Filterfunktionen (Casual, Classic, Streetware,‚Ä¶)",,,,,,"Ja, die Inspiration ist jedoch nicht immer optimal f√ºr meinen Style.",,"Mir sind Marken egal, ich brauche ein T-Shirt in Schwarz und das wars",Ich suche nach dem Produkt auf mir bekannten/vertrauten Onlineshops,,Ich lass mich benachrichtigen wenn das Produkt wieder verf√ºgbar ist,,Ich hoffe auf eine Aktion und packe das Produkt vor√ºbergehend auf eine Merkliste im Onlineshop,,Ich kaufe sie gleich,,2022-05-26 17:18:03,2022-05-26 17:20:40,3c8f5ff10e
v7kr2k3niydiucop6d38rv7kr2kuwwua,Frau,24,Ich kleide mich sehr bewusst und achte stark auf mein Outfit üíÉüèº,1x im Monat,,"Bei einem Zwischenh√§ndler (Zalando, Asos, Aboutyou,‚Ä¶)","Bei Wiederverkaufs-Plattformen (StockX, Ebay, Tutti,‚Ä¶)",In Store (In L√§den direkt),"Social Media / Influencer (Instagram, Pinterest, TikTok,‚Ä¶)",,,,Onlineshops einzelne Kleidungst√ºcke (Bekleidung ‚Üí T-Shirts ‚Üí allenfalls Filter),,Nach kompletten Outfits,,Nach Teilen die zu meinem bisherigen Besitz passen,,,,,,"Ich durchst√∂bere Kategorien (T-Shirts, Shorts, Socken,‚Ä¶) und nutze allenfalls Produkt spezifische Filter (Farbe, Gr√∂sse, Passform)",,"Ja, die Inspiration ist jedoch nicht immer optimal f√ºr meinen Style.",,Ich lasse mich auch gerne mal auf was Neues ein,Ich suche nach dem Produkt auf Google,,Ich lass mich benachrichtigen wenn das Produkt wieder verf√ºgbar ist,,Ich hoffe auf eine Aktion und packe das Produkt vor√ºbergehend auf eine Merkliste im Onlineshop,,Ich hoffe auf eine Aktion und packe das Produkt vor√ºbergehend auf eine Merkliste im Onlineshop,,2022-05-26 16:46:54,2022-05-26 16:50:01,e32344446d
w4cvcpfd3bz5kl46ojw4cvcpf007ec9p,Frau,22,Ich kleide mich sehr bewusst und achte stark auf mein Outfit üíÉüèº,1x im Monat,,"Bei einem Zwischenh√§ndler (Zalando, Asos, Aboutyou,‚Ä¶)",,In Store (In L√§den direkt),"Social Media / Influencer (Instagram, Pinterest, TikTok,‚Ä¶)",,,"Onlineshops komplette Looks ( Zalando: Get the Look, Dazu passt, ‚Ä¶)",,,,Nach einzelnen Teilen,Nach Teilen die zu meinem bisherigen Besitz passen,,"Ich ben√ºtze Filterfunktionen (Casual, Classic, Streetware,‚Ä¶)",,,,"Ich durchst√∂bere Kategorien (T-Shirts, Shorts, Socken,‚Ä¶) und nutze allenfalls Produkt spezifische Filter (Farbe, Gr√∂sse, Passform)",,"Ja, die Inspiration ist jedoch nicht immer optimal f√ºr meinen Style.",,Ich lasse mich auch gerne mal auf was Neues ein,Ich suche nach dem Produkt auf mir bekannten/vertrauten Onlineshops,,Ich suche danach auf mir bekannten/vertrauten Onlineshops,,Ich suche danach auf Google,,Ich pack sie auf eine Merkliste und kaufe sie eventuell sp√§ter,,2022-05-26 16:38:20,2022-05-26 16:43:57,0169034029
hck9jhwls867oyshck9qxyzv9slxgoyd,Mann,24,"Ich kleide mich einigermassen passend, investiere aber nicht viel Zeit in meine Kleidung üö∂üèª",1x alle 3 Monate,,"Bei einem Zwischenh√§ndler (Zalando, Asos, Aboutyou,‚Ä¶)",,In Store (In L√§den direkt),,,,"Onlineshops komplette Looks ( Zalando: Get the Look, Dazu passt, ‚Ä¶)",Onlineshops einzelne Kleidungst√ºcke (Bekleidung ‚Üí T-Shirts ‚Üí allenfalls Filter),,,Nach einzelnen Teilen,Nach Teilen die zu meinem bisherigen Besitz passen,,"Ich ben√ºtze Filterfunktionen (Casual, Classic, Streetware,‚Ä¶)",,Ich durchst√∂bere ganze Kollektionen,"Ich suche auf den Onlineshops nach √§hnlichen St√ºcken, die einem Inspirations-Outfit (Social Media oder etwas Live erblickten) entsprechen.","Ich durchst√∂bere Kategorien (T-Shirts, Shorts, Socken,‚Ä¶) und nutze allenfalls Produkt spezifische Filter (Farbe, Gr√∂sse, Passform)",,"Ja, die Inspiration ist jedoch nicht immer optimal f√ºr meinen Style.",,Ich lasse mich auch gerne mal auf was Neues ein,Ich suche nach dem Produkt auf Google,,Ich suche danach auf Google,,Ich suche danach auf Google,,Ich kaufe sie gleich,,2022-05-26 16:25:24,2022-05-26 16:30:04,f3df970622
lq62afysdsv59lq6nztoqjutkcjga2sl,Frau,24,Ich kleide mich sehr bewusst und achte stark auf mein Outfit üíÉüèº,1x im Monat,,"Bei einem Zwischenh√§ndler (Zalando, Asos, Aboutyou,‚Ä¶)",,,"Social Media / Influencer (Instagram, Pinterest, TikTok,‚Ä¶)",,"Zeitschriften (Vogue, InStyle, GQ,‚Ä¶)",,Onlineshops einzelne Kleidungst√ºcke (Bekleidung ‚Üí T-Shirts ‚Üí allenfalls Filter),,Nach kompletten Outfits,Nach einzelnen Teilen,,,,,Ich durchst√∂bere ganze Kollektionen,"Ich suche auf den Onlineshops nach √§hnlichen St√ºcken, die einem Inspirations-Outfit (Social Media oder etwas Live erblickten) entsprechen.",,,"Ja, die Inspiration ist jedoch nicht immer optimal f√ºr meinen Style.",,Ich lasse mich auch gerne mal auf was Neues ein,Ich suche nach dem Produkt auf mir bekannten/vertrauten Onlineshops,,Ich suche danach auf mir bekannten/vertrauten Onlineshops,,Ich suche danach auf mir bekannten/vertrauten Onlineshops,,Ich pack sie auf eine Merkliste und kaufe sie eventuell sp√§ter,,2022-05-26 16:05:30,2022-05-26 16:09:43,1ce932741e
w27ag3p8pbbsx6mfw27abqtg0iorhqwe,Mann,25,"Ich denke ich kleide mich ganz okay, vielleicht ü§∑üèº‚Äç‚ôÇÔ∏è",Weniger als alle 3 Monate,"Bei der Marke direkt (Nike, Adidas, Tommy Hilfiger,‚Ä¶)","Bei einem Zwischenh√§ndler (Zalando, Asos, Aboutyou,‚Ä¶)",,,,,,,Onlineshops einzelne Kleidungst√ºcke (Bekleidung ‚Üí T-Shirts ‚Üí allenfalls Filter),,,Nach einzelnen Teilen,,,,,,,"Ich durchst√∂bere Kategorien (T-Shirts, Shorts, Socken,‚Ä¶) und nutze allenfalls Produkt spezifische Filter (Farbe, Gr√∂sse, Passform)",,"Nein, wenn dann eher selten.",Kein Plan,Ich lasse mich auch gerne mal auf was Neues ein,Gar nicht,,Ich lass mich benachrichtigen wenn das Produkt wieder verf√ºgbar ist,,Ich kaufe das Produkte nicht und brich ab,,Ich kaufe sie gleich,,2022-05-26 16:02:04,2022-05-26 16:06:15,10874ed0bb
zqwzqr9fnnt4hn5zqw2ojhgbgz43opfm,Frau,24,Ich kleide mich bewusst und mein Outfit ist mir √∂fters wichtig ü§µüèª‚Äç‚ôÇÔ∏è,1x alle 2 Wochen,,"Bei einem Zwischenh√§ndler (Zalando, Asos, Aboutyou,‚Ä¶)",,,"Social Media / Influencer (Instagram, Pinterest, TikTok,‚Ä¶)",,,,,,,,Nach Teilen die zu meinem bisherigen Besitz passen,,,,Ich durchst√∂bere ganze Kollektionen,,,,"Ja, die Inspiration ist jedoch nicht immer optimal f√ºr meinen Style.",,Ich lasse mich auch gerne mal auf was Neues ein,Ich suche nach dem Produkt auf mir bekannten/vertrauten Onlineshops,,Gar nicht,,Ich kaufe das Produkte nicht und brich ab,,Ich pack sie auf eine Merkliste und kaufe sie eventuell sp√§ter,,2022-05-26 15:57:14,2022-05-26 16:00:53,84e67e2bf0
grvf3q76wcv1r7ucfw9kgrvf3qyldkec,Mann,24,"Ich kleide mich einigermassen passend, investiere aber nicht viel Zeit in meine Kleidung üö∂üèª",Weniger als alle 3 Monate,,"Bei einem Zwischenh√§ndler (Zalando, Asos, Aboutyou,‚Ä¶)",,,,,,,Onlineshops einzelne Kleidungst√ºcke (Bekleidung ‚Üí T-Shirts ‚Üí allenfalls Filter),,,Nach einzelnen Teilen,,,,,,,"Ich durchst√∂bere Kategorien (T-Shirts, Shorts, Socken,‚Ä¶) und nutze allenfalls Produkt spezifische Filter (Farbe, Gr√∂sse, Passform)",,"Ja, die Inspiration ist jedoch nicht immer optimal f√ºr meinen Style.",,"Mir sind Marken egal, ich brauche ein T-Shirt in Schwarz und das wars",Gar nicht,,Gar nicht,,Ich kaufe das Produkte nicht und brich ab,,Ich kaufe sie gleich,,2022-05-26 15:24:52,2022-05-26 15:27:50,7410ddffac
ahxvb2d9izo0mbnlb7bahxv706ar52wj,Frau,25,Ich kleide mich bewusst und mein Outfit ist mir √∂fters wichtig ü§µüèª‚Äç‚ôÇÔ∏è,1x im Monat,,"Bei einem Zwischenh√§ndler (Zalando, Asos, Aboutyou,‚Ä¶)",,In Store (In L√§den direkt),,,,,,,Nach kompletten Outfits,Nach einzelnen Teilen,Nach Teilen die zu meinem bisherigen Besitz passen,,"Ich ben√ºtze Filterfunktionen (Casual, Classic, Streetware,‚Ä¶)",,,"Ich suche auf den Onlineshops nach √§hnlichen St√ºcken, die einem Inspirations-Outfit (Social Media oder etwas Live erblickten) entsprechen.","Ich durchst√∂bere Kategorien (T-Shirts, Shorts, Socken,‚Ä¶) und nutze allenfalls Produkt spezifische Filter (Farbe, Gr√∂sse, Passform)",,"Ja, die Inspiration ist jedoch nicht immer optimal f√ºr meinen Style.",,Ich lasse mich auch gerne mal auf was Neues ein,Gar nicht,,Ich lass mich benachrichtigen wenn das Produkt wieder verf√ºgbar ist,,,,Ich pack sie auf eine Merkliste und kaufe sie eventuell sp√§ter,,2022-05-26 15:00:02,2022-05-26 15:04:43,3a1c66db3d
3xwu55vawu5yr90gk93xwu55s19ensnc,Frau,22,Ich kleide mich bewusst und mein Outfit ist mir √∂fters wichtig ü§µüèª‚Äç‚ôÇÔ∏è,1x im Monat,,"Bei einem Zwischenh√§ndler (Zalando, Asos, Aboutyou,‚Ä¶)",,In Store (In L√§den direkt),"Social Media / Influencer (Instagram, Pinterest, TikTok,‚Ä¶)",,,"Onlineshops komplette Looks ( Zalando: Get the Look, Dazu passt, ‚Ä¶)",Onlineshops einzelne Kleidungst√ºcke (Bekleidung ‚Üí T-Shirts ‚Üí allenfalls Filter),,Nach kompletten Outfits,,Nach Teilen die zu meinem bisherigen Besitz passen,,"Ich ben√ºtze Filterfunktionen (Casual, Classic, Streetware,‚Ä¶)",,,"Ich suche auf den Onlineshops nach √§hnlichen St√ºcken, die einem Inspirations-Outfit (Social Media oder etwas Live erblickten) entsprechen.","Ich durchst√∂bere Kategorien (T-Shirts, Shorts, Socken,‚Ä¶) und nutze allenfalls Produkt spezifische Filter (Farbe, Gr√∂sse, Passform)",,"Ja, ich finde komplette Outfits die mir passen.",,"Mir sind Marken egal, ich brauche ein T-Shirt in Schwarz und das wars",Gar nicht,,Ich suche danach auf Google,,Ich hoffe auf eine Aktion und packe das Produkt vor√ºbergehend auf eine Merkliste im Onlineshop,,Ich pack sie auf eine Merkliste und kaufe sie eventuell sp√§ter,,2022-05-26 14:56:09,2022-05-26 14:58:50,8f00ac164e
7jov239go8alb1u23kf7jov236racii7,Mann,24,"Ich kleide mich einigermassen passend, investiere aber nicht viel Zeit in meine Kleidung üö∂üèª",1x alle 2 Wochen,,"Bei einem Zwischenh√§ndler (Zalando, Asos, Aboutyou,‚Ä¶)",,,,,,,Onlineshops einzelne Kleidungst√ºcke (Bekleidung ‚Üí T-Shirts ‚Üí allenfalls Filter),,,Nach einzelnen Teilen,Nach Teilen die zu meinem bisherigen Besitz passen,,,,,,"Ich durchst√∂bere Kategorien (T-Shirts, Shorts, Socken,‚Ä¶) und nutze allenfalls Produkt spezifische Filter (Farbe, Gr√∂sse, Passform)",,"Nein, wenn dann eher selten.",Nichts,Ich lasse mich auch gerne mal auf was Neues ein,Ich suche nach dem Produkt auf mir bekannten/vertrauten Onlineshops,,Ich lass mich benachrichtigen wenn das Produkt wieder verf√ºgbar ist,,,Zu teuer gibts nicht,Ich kaufe sie gleich,,2022-05-26 14:45:59,2022-05-26 14:49:31,aff2ff41a4
afqsjljxpfl5n6afqsjla9nigctgz90k,Mann,24,Ich kleide mich bewusst und mein Outfit ist mir √∂fters wichtig ü§µüèª‚Äç‚ôÇÔ∏è,1x im Monat,,"Bei einem Zwischenh√§ndler (Zalando, Asos, Aboutyou,‚Ä¶)","Bei Wiederverkaufs-Plattformen (StockX, Ebay, Tutti,‚Ä¶)",,"Social Media / Influencer (Instagram, Pinterest, TikTok,‚Ä¶)","Blogs und Webseiten (Chiara Ferragni, ...)","Zeitschriften (Vogue, InStyle, GQ,‚Ä¶)",,,,,Nach einzelnen Teilen,,,,,Ich durchst√∂bere ganze Kollektionen,,,,"Ja, die Inspiration ist jedoch nicht immer optimal f√ºr meinen Style.",,Nur spezifische Marken die ich kenne,Gar nicht,,Ich suche danach auf mir bekannten/vertrauten Onlineshops,,Ich suche danach auf mir bekannten/vertrauten Onlineshops,,Ich stelle mir auf einer Merkliste verschiedene Outfits damit zusammen und kaufe sie eventuell sp√§ter,,2022-05-26 14:40:42,2022-05-26 14:42:43,bf3d288238
b176mprlnh5tjkh70n9lvb176m1nz0wf,Frau,22,Ich kleide mich sehr bewusst und achte stark auf mein Outfit üíÉüèº,1x alle 2 Wochen,,"Bei einem Zwischenh√§ndler (Zalando, Asos, Aboutyou,‚Ä¶)",,,"Social Media / Influencer (Instagram, Pinterest, TikTok,‚Ä¶)",,,"Onlineshops komplette Looks ( Zalando: Get the Look, Dazu passt, ‚Ä¶)",Onlineshops einzelne Kleidungst√ºcke (Bekleidung ‚Üí T-Shirts ‚Üí allenfalls Filter),,,,Nach Teilen die zu meinem bisherigen Besitz passen,,,,Ich durchst√∂bere ganze Kollektionen,,"Ich durchst√∂bere Kategorien (T-Shirts, Shorts, Socken,‚Ä¶) und nutze allenfalls Produkt spezifische Filter (Farbe, Gr√∂sse, Passform)",,"Ja, ich finde komplette Outfits die mir passen.",,Ich lasse mich auch gerne mal auf was Neues ein,Gar nicht,,Ich lass mich benachrichtigen wenn das Produkt wieder verf√ºgbar ist,,Ich suche danach auf mir bekannten/vertrauten Onlineshops,,Ich kaufe sie gleich,,2022-05-26 14:34:19,2022-05-26 14:38:13,4d4c465169
fite619nqjm0t42wfitbs1vqzwi85pno,Mann,25,"Ich kleide mich einigermassen passend, investiere aber nicht viel Zeit in meine Kleidung üö∂üèª",1x im Monat,,"Bei einem Zwischenh√§ndler (Zalando, Asos, Aboutyou,‚Ä¶)",,,,,,,Onlineshops einzelne Kleidungst√ºcke (Bekleidung ‚Üí T-Shirts ‚Üí allenfalls Filter),,,Nach einzelnen Teilen,,,"Ich ben√ºtze Filterfunktionen (Casual, Classic, Streetware,‚Ä¶)",,,,"Ich durchst√∂bere Kategorien (T-Shirts, Shorts, Socken,‚Ä¶) und nutze allenfalls Produkt spezifische Filter (Farbe, Gr√∂sse, Passform)",,"Ja, die Inspiration ist jedoch nicht immer optimal f√ºr meinen Style.",,Ich lasse mich auch gerne mal auf was Neues ein,Ich suche nach dem Produkt auf mir bekannten/vertrauten Onlineshops,,Ich suche danach auf mir bekannten/vertrauten Onlineshops,,Ich suche danach auf mir bekannten/vertrauten Onlineshops,,Ich kaufe sie gleich,,2022-05-26 14:34:56,2022-05-26 14:37:35,fc1c2eb1b1
q0gh2zt0e15xkg4yel4bvq0gh2zs0owl,Frau,21,Ich kleide mich bewusst und mein Outfit ist mir √∂fters wichtig ü§µüèª‚Äç‚ôÇÔ∏è,1x alle 2 Wochen,,"Bei einem Zwischenh√§ndler (Zalando, Asos, Aboutyou,‚Ä¶)",,,"Social Media / Influencer (Instagram, Pinterest, TikTok,‚Ä¶)",,,"Onlineshops komplette Looks ( Zalando: Get the Look, Dazu passt, ‚Ä¶)",Onlineshops einzelne Kleidungst√ºcke (Bekleidung ‚Üí T-Shirts ‚Üí allenfalls Filter),,Nach kompletten Outfits,Nach einzelnen Teilen,,,"Ich ben√ºtze Filterfunktionen (Casual, Classic, Streetware,‚Ä¶)",Die Plattformen welche ich ben√ºtze kennen meinen Still und schlagen mir passende personalisierte Produkte vor,,"Ich suche auf den Onlineshops nach √§hnlichen St√ºcken, die einem Inspirations-Outfit (Social Media oder etwas Live erblickten) entsprechen.","Ich durchst√∂bere Kategorien (T-Shirts, Shorts, Socken,‚Ä¶) und nutze allenfalls Produkt spezifische Filter (Farbe, Gr√∂sse, Passform)",,"Ja, die Inspiration ist jedoch nicht immer optimal f√ºr meinen Style.",,Nur spezifische Marken die ich kenne,Ich suche nach dem Produkt auf Google,,Ich suche danach auf mir bekannten/vertrauten Onlineshops,,Ich hoffe auf eine Aktion und packe das Produkt vor√ºbergehend auf eine Merkliste im Onlineshop,,Ich pack sie auf eine Merkliste und kaufe sie eventuell sp√§ter,,2022-05-26 14:34:30,2022-05-26 14:36:54,b398de5a82
1vnf3fyis1k4ubdpyr1vnf3qtj7wrag3,Mann,60,Ich kleide mich bewusst und mein Outfit ist mir √∂fters wichtig ü§µüèª‚Äç‚ôÇÔ∏è,1x im Monat,,"Bei einem Zwischenh√§ndler (Zalando, Asos, Aboutyou,‚Ä¶)",,,,,,,Onlineshops einzelne Kleidungst√ºcke (Bekleidung ‚Üí T-Shirts ‚Üí allenfalls Filter),,,,Nach Teilen die zu meinem bisherigen Besitz passen,,,,,,"Ich durchst√∂bere Kategorien (T-Shirts, Shorts, Socken,‚Ä¶) und nutze allenfalls Produkt spezifische Filter (Farbe, Gr√∂sse, Passform)",,"Ja, die Inspiration ist jedoch nicht immer optimal f√ºr meinen Style.",,Ich lasse mich auch gerne mal auf was Neues ein,Ich suche nach dem Produkt auf Google,,Ich lass mich benachrichtigen wenn das Produkt wieder verf√ºgbar ist,,Ich suche danach auf Google,,Ich kaufe sie gleich,,2022-05-26 08:23:03,2022-05-26 08:28:34,9e52960ff0
bcbouqqi5xj0kxk66bcbouqqz6arhkrz,Mann,25,"Ich kleide mich einigermassen passend, investiere aber nicht viel Zeit in meine Kleidung üö∂üèª",Weniger als alle 3 Monate,"Bei der Marke direkt (Nike, Adidas, Tommy Hilfiger,‚Ä¶)","Bei einem Zwischenh√§ndler (Zalando, Asos, Aboutyou,‚Ä¶)",,In Store (In L√§den direkt),,,,"Onlineshops komplette Looks ( Zalando: Get the Look, Dazu passt, ‚Ä¶)",Onlineshops einzelne Kleidungst√ºcke (Bekleidung ‚Üí T-Shirts ‚Üí allenfalls Filter),,,,Nach Teilen die zu meinem bisherigen Besitz passen,,,,Ich durchst√∂bere ganze Kollektionen,"Ich suche auf den Onlineshops nach √§hnlichen St√ºcken, die einem Inspirations-Outfit (Social Media oder etwas Live erblickten) entsprechen.","Ich durchst√∂bere Kategorien (T-Shirts, Shorts, Socken,‚Ä¶) und nutze allenfalls Produkt spezifische Filter (Farbe, Gr√∂sse, Passform)",,"Ja, die Inspiration ist jedoch nicht immer optimal f√ºr meinen Style.",,Ich lasse mich auch gerne mal auf was Neues ein,Ich suche nach dem Produkt auf mir bekannten/vertrauten Onlineshops,,Ich suche danach auf Google,,Ich kaufe das Produkte nicht und brich ab,,Ich pack sie auf eine Merkliste und kaufe sie eventuell sp√§ter,,2022-05-25 23:03:50,2022-05-25 23:10:37,fd871d97c7
7mf66b3msaek3ab37mf66b3hnwmcn2gm,Mann,25,"Ich kleide mich einigermassen passend, investiere aber nicht viel Zeit in meine Kleidung üö∂üèª",Nie,,,,In Store (In L√§den direkt),"Social Media / Influencer (Instagram, Pinterest, TikTok,‚Ä¶)",,,,,,,,Nach Teilen die zu meinem bisherigen Besitz passen,,,,,,"Ich durchst√∂bere Kategorien (T-Shirts, Shorts, Socken,‚Ä¶) und nutze allenfalls Produkt spezifische Filter (Farbe, Gr√∂sse, Passform)",,"Nein, wenn dann eher selten.",Das musch du usefinde,Ich lasse mich auch gerne mal auf was Neues ein,Gar nicht,,Ich suche danach auf Google,,Ich kaufe das Produkte nicht und brich ab,,Ich kaufe sie gleich,,2022-05-25 22:58:08,2022-05-25 23:03:05,dd03bca9d4
t2eao85qahyw4b3165c6odxt2eaockxf,Frau,25,Ich kleide mich bewusst und mein Outfit ist mir √∂fters wichtig ü§µüèª‚Äç‚ôÇÔ∏è,1x im Monat,,"Bei einem Zwischenh√§ndler (Zalando, Asos, Aboutyou,‚Ä¶)",,In Store (In L√§den direkt),"Social Media / Influencer (Instagram, Pinterest, TikTok,‚Ä¶)",,,,Onlineshops einzelne Kleidungst√ºcke (Bekleidung ‚Üí T-Shirts ‚Üí allenfalls Filter),,Nach kompletten Outfits,Nach einzelnen Teilen,,,,,,"Ich suche auf den Onlineshops nach √§hnlichen St√ºcken, die einem Inspirations-Outfit (Social Media oder etwas Live erblickten) entsprechen.","Ich durchst√∂bere Kategorien (T-Shirts, Shorts, Socken,‚Ä¶) und nutze allenfalls Produkt spezifische Filter (Farbe, Gr√∂sse, Passform)",,"Ja, die Inspiration ist jedoch nicht immer optimal f√ºr meinen Style.",,Ich lasse mich auch gerne mal auf was Neues ein,Ich suche nach dem Produkt auf Google,,Ich suche danach auf Google,,Ich suche danach auf Google,,Ich pack sie auf eine Merkliste und kaufe sie eventuell sp√§ter,,2022-05-25 22:53:16,2022-05-25 22:58:00,ee7c945825
wqili8n3ag80o6ewqi9zoivxe4ycgx5h,Frau,24,Ich kleide mich bewusst und mein Outfit ist mir √∂fters wichtig ü§µüèª‚Äç‚ôÇÔ∏è,1x alle 2 Wochen,"Bei der Marke direkt (Nike, Adidas, Tommy Hilfiger,‚Ä¶)","Bei einem Zwischenh√§ndler (Zalando, Asos, Aboutyou,‚Ä¶)","Bei Wiederverkaufs-Plattformen (StockX, Ebay, Tutti,‚Ä¶)",In Store (In L√§den direkt),"Social Media / Influencer (Instagram, Pinterest, TikTok,‚Ä¶)",,,,Onlineshops einzelne Kleidungst√ºcke (Bekleidung ‚Üí T-Shirts ‚Üí allenfalls Filter),,,Nach einzelnen Teilen,Nach Teilen die zu meinem bisherigen Besitz passen,,,Die Plattformen welche ich ben√ºtze kennen meinen Still und schlagen mir passende personalisierte Produkte vor,,"Ich suche auf den Onlineshops nach √§hnlichen St√ºcken, die einem Inspirations-Outfit (Social Media oder etwas Live erblickten) entsprechen.",,,"Ja, die Inspiration ist jedoch nicht immer optimal f√ºr meinen Style.",,Ich lasse mich auch gerne mal auf was Neues ein,Ich suche nach dem Produkt auf mir bekannten/vertrauten Onlineshops,,Ich suche danach auf mir bekannten/vertrauten Onlineshops,,Ich hoffe auf eine Aktion und packe das Produkt vor√ºbergehend auf eine Merkliste im Onlineshop,,Ich kaufe sie gleich,,2022-05-25 16:26:06,2022-05-25 16:28:04,b260a1e462
